SaleID,CustomerID,PartID,SaleDate,PaymentMethod
1,115,1,2021-04-04,Cash
2,217,2,2021-01-26,Cash
3,259,3,2021-07-18,Other
4,113,4,2021-07-21,Card
5,217,5,2021-06-10,Cash
6,53,6,2021-03-15,Cash
7,136,7,2021-08-04,Other
8,194,8,2021-02-05,Card
9,296,9,2021-05-04,Cash
10,149,10,2021-12-28,Cash
11,143,11,2021-07-26,Card
12,182,12,2021-06-14,Card
13,274,13,2021-08-07,Cash
14,139,14,2021-12-17,Other
15,167,15,2021-09-07,Cash
16,162,16,2021-06-03,Cash
17,109,17,2021-08-09,Card
18,136,18,2021-04-21,Other
19,300,19,2021-07-19,Other
20,113,20,2021-12-21,Cash
21,47,21,2021-08-08,Cash
22,217,22,2021-07-09,Card
23,271,23,2021-06-03,Other
24,275,24,2021-08-17,Other
25,151,25,2021-07-17,Card
26,257,26,2021-08-26,Other
27,260,27,2021-07-25,Cash
28,277,28,2021-11-12,Other
29,251,29,2021-01-18,Card
30,30,30,2021-06-03,Other
31,249,31,2021-08-23,Other
32,244,32,2021-11-05,Cash
33,109,33,2021-11-18,Other
34,205,34,2021-12-26,Other
35,265,35,2021-07-18,Cash
36,174,36,2021-01-04,Other
37,4,37,2021-02-06,Other
38,35,38,2021-10-07,Card
39,143,39,2021-08-20,Cash
40,293,40,2021-07-12,Cash
41,98,41,2021-03-23,Other
42,217,42,2021-06-11,Other
43,32,43,2021-06-03,Card
44,99,44,2021-05-10,Card
45,94,45,2021-06-16,Cash
46,282,46,2021-03-19,Other
47,48,47,2021-11-15,Cash
48,249,48,2021-07-06,Card
49,195,49,2021-01-22,Card
50,147,50,2021-07-01,Other
51,80,51,2021-05-10,Cash
52,161,52,2021-02-13,Other
53,30,53,2021-12-10,Cash
54,35,54,2021-08-17,Cash
55,292,55,2021-06-27,Other
56,215,56,2021-08-14,Other
57,134,57,2021-05-28,Other
58,136,58,2021-06-13,Other
59,162,59,2021-11-11,Cash
60,289,60,2021-12-19,Cash
61,260,61,2021-06-04,Card
62,190,62,2021-06-17,Card
63,271,63,2021-01-09,Other
64,69,64,2021-06-13,Cash
65,140,65,2021-06-22,Cash
66,136,66,2021-07-23,Card
67,217,67,2021-08-07,Cash
68,67,68,2021-08-11,Card
69,283,69,2021-08-24,Other
70,39,70,2021-11-17,Other
71,190,71,2021-07-22,Cash
72,22,72,2021-06-19,Cash
73,128,73,2021-08-19,Card
74,80,74,2021-11-27,Cash
75,212,75,2021-01-17,Other
76,128,76,2021-06-05,Other
77,20,77,2021-09-01,Cash
78,180,78,2021-06-22,Cash
79,99,79,2021-06-12,Card
80,180,80,2021-08-21,Card
81,15,81,2021-03-01,Card
82,20,82,2021-03-10,Card
83,224,83,2021-07-04,Other
84,296,84,2021-05-23,Cash
85,267,85,2021-11-21,Other
86,221,86,2021-02-18,Other
87,64,87,2021-08-10,Card
88,210,88,2021-06-04,Other
89,99,89,2021-07-14,Card
90,208,90,2021-07-15,Cash
91,108,91,2021-07-04,Other
92,239,92,2021-07-26,Other
93,87,93,2021-08-20,Card
94,48,94,2021-08-11,Cash
95,102,95,2021-04-27,Cash
96,38,96,2021-07-04,Other
97,197,97,2021-07-24,Cash
98,55,98,2021-08-09,Cash
99,26,99,2021-07-20,Cash
100,238,100,2021-08-26,Other
101,227,101,2021-07-23,Other
102,281,102,2021-07-04,Cash
103,133,103,2021-08-14,Other
104,123,104,2021-06-24,Cash
105,140,105,2021-06-09,Other
106,78,106,2021-06-05,Other
107,33,107,2021-06-04,Card
108,213,108,2021-02-18,Card
109,295,109,2021-06-22,Cash
110,200,110,2021-09-05,Card
111,250,111,2021-06-07,Card
112,200,112,2021-06-25,Other
113,240,113,2021-11-09,Other
114,202,114,2021-07-16,Other
115,220,115,2021-04-10,Card
116,134,116,2021-06-09,Cash
117,173,117,2021-08-18,Card
118,130,118,2021-09-22,Card
119,180,119,2021-06-17,Cash
120,127,120,2021-05-09,Cash
121,123,121,2021-04-25,Other
122,239,122,2021-08-12,Card
123,84,123,2021-12-23,Cash
124,160,124,2021-07-21,Card
125,39,125,2021-07-28,Other
126,155,126,2021-09-03,Other
127,178,127,2021-07-14,Other
128,260,128,2021-08-10,Cash
129,55,129,2021-07-06,Card
130,223,130,2021-05-03,Other
131,239,131,2021-07-27,Other
132,166,132,2021-09-28,Cash
133,125,133,2021-08-13,Other
134,173,134,2021-01-08,Card
135,109,135,2021-06-01,Card
136,142,136,2021-07-04,Other
137,124,137,2021-08-02,Card
138,244,138,2021-08-04,Card
139,48,139,2021-06-05,Card
140,298,140,2021-06-19,Other
141,218,141,2021-12-21,Other
142,233,142,2021-06-02,Card
143,99,143,2021-06-17,Other
144,99,144,2021-06-27,Card
145,52,145,2021-08-28,Card
146,92,146,2021-06-17,Other
147,141,147,2021-02-13,Cash
148,65,148,2021-08-03,Card
149,294,149,2021-06-18,Card
150,95,150,2021-12-06,Card
151,34,151,2021-06-28,Cash
152,78,152,2021-04-24,Other
153,128,153,2021-03-01,Card
154,268,154,2021-06-15,Card
155,157,155,2021-07-07,Cash
156,107,156,2021-08-15,Card
157,123,157,2021-05-15,Cash
158,210,158,2021-07-15,Other
159,17,159,2021-06-07,Other
160,37,160,2021-08-03,Card
161,218,161,2021-03-05,Cash
162,73,162,2021-02-26,Cash
163,225,163,2021-03-22,Other
164,140,164,2021-07-17,Card
165,21,165,2021-10-01,Other
166,14,166,2021-03-04,Other
167,138,167,2021-07-28,Cash
168,143,168,2021-05-14,Other
169,47,169,2021-07-24,Card
170,54,170,2021-09-21,Card
171,148,171,2021-08-03,Card
172,233,172,2021-03-05,Card
173,207,173,2021-09-13,Cash
174,212,174,2021-02-21,Other
175,227,175,2021-08-06,Cash
176,148,176,2021-07-19,Other
177,15,177,2021-12-15,Other
178,160,178,2021-07-10,Other
179,116,179,2021-12-12,Cash
180,79,180,2021-07-16,Other
181,213,181,2021-09-13,Card
182,283,182,2021-04-09,Cash
183,36,183,2021-06-19,Card
184,2,184,2021-06-03,Card
185,77,185,2021-07-21,Card
186,283,186,2021-08-21,Card
187,97,187,2021-12-05,Cash
188,120,188,2021-09-26,Card
189,243,189,2021-08-12,Card
190,254,190,2021-12-27,Cash
191,52,191,2021-09-19,Card
192,8,192,2021-08-15,Card
193,241,193,2021-08-07,Card
194,42,194,2021-09-13,Other
195,163,195,2021-08-21,Card
196,36,196,2021-06-12,Other
197,47,197,2021-07-21,Cash
198,86,198,2021-08-27,Cash
199,29,199,2021-06-04,Card
200,126,200,2021-07-16,Other
201,90,201,2021-02-25,Card
202,255,202,2021-10-06,Cash
203,131,203,2021-07-26,Other
204,148,204,2021-08-16,Cash
205,177,205,2021-12-03,Card
206,234,206,2021-09-24,Cash
207,55,207,2021-06-18,Other
208,152,208,2021-01-09,Other
209,5,209,2021-07-11,Other
210,147,210,2021-08-12,Cash
211,113,211,2021-08-20,Other
212,50,212,2021-10-12,Other
213,226,213,2021-01-11,Card
214,152,214,2021-06-17,Card
215,68,215,2021-08-14,Card
216,85,216,2021-06-13,Card
217,59,217,2021-07-10,Cash
218,204,218,2021-12-04,Other
219,203,219,2021-01-25,Other
220,189,220,2021-08-20,Other
221,191,221,2021-03-08,Cash
222,288,222,2021-06-06,Other
223,238,223,2021-10-06,Card
224,72,224,2021-02-04,Cash
225,60,225,2021-03-14,Other
226,233,226,2021-06-08,Other
227,80,227,2021-10-01,Other
228,209,228,2021-11-05,Card
229,112,229,2021-07-02,Cash
230,189,230,2021-07-17,Other
231,204,231,2021-06-06,Cash
232,109,232,2021-08-28,Other
233,171,233,2021-06-13,Cash
234,36,234,2021-08-08,Other
235,120,235,2021-06-21,Cash
236,142,236,2021-09-06,Cash
237,90,237,2021-03-19,Cash
238,184,238,2021-08-03,Cash
239,9,239,2021-05-07,Cash
240,270,240,2021-03-28,Cash
241,186,241,2021-07-20,Cash
242,23,242,2021-08-07,Other
243,235,243,2021-08-12,Cash
244,206,244,2021-07-03,Cash
245,38,245,2021-10-02,Card
246,34,246,2021-04-22,Other
247,196,247,2021-12-22,Other
248,259,248,2021-07-01,Cash
249,221,249,2021-07-21,Cash
250,233,250,2021-06-02,Other
251,219,251,2021-06-06,Card
252,243,252,2021-02-07,Cash
253,50,253,2021-08-14,Card
254,288,254,2021-07-28,Other
255,182,255,2021-09-22,Card
256,160,256,2021-06-06,Other
257,80,257,2021-08-17,Cash
258,285,258,2021-06-14,Card
259,220,259,2021-09-28,Other
260,137,260,2021-01-07,Card
261,180,261,2021-01-21,Cash
262,36,262,2021-04-23,Other
263,272,263,2021-06-21,Card
264,81,264,2021-06-02,Other
265,27,265,2021-04-27,Other
266,140,266,2021-07-23,Card
267,213,267,2021-06-06,Other
268,221,268,2021-03-05,Other
269,270,269,2021-08-18,Cash
270,29,270,2021-01-02,Card
271,131,271,2021-06-07,Cash
272,221,272,2021-05-26,Card
273,257,273,2021-07-28,Other
274,204,274,2021-09-06,Cash
275,236,275,2021-11-23,Card
276,294,276,2021-06-23,Other
277,59,277,2021-06-08,Card
278,186,278,2021-03-21,Cash
279,206,279,2021-07-09,Card
280,114,280,2021-06-15,Cash
281,272,281,2021-07-26,Card
282,121,282,2021-03-03,Card
283,79,283,2021-08-11,Other
284,253,284,2021-07-17,Other
285,290,285,2021-08-08,Other
286,78,286,2021-07-14,Card
287,141,287,2021-07-23,Card
288,159,288,2021-07-17,Cash
289,147,289,2021-02-15,Cash
290,237,290,2021-07-28,Other
291,293,291,2021-08-10,Card
292,257,292,2021-04-17,Cash
293,176,293,2021-12-16,Cash
294,21,294,2021-06-25,Card
295,187,295,2021-06-25,Card
296,174,296,2021-08-13,Cash
297,169,297,2021-03-07,Other
298,130,298,2021-08-23,Other
299,171,299,2021-02-25,Other
300,159,300,2021-12-28,Other
301,44,301,2021-06-24,Card
302,270,302,2021-03-10,Other
303,10,303,2021-06-11,Cash
304,249,304,2021-05-10,Cash
305,152,305,2021-09-11,Cash
306,173,306,2021-10-01,Other
307,79,307,2021-04-09,Other
308,225,308,2021-02-14,Card
309,146,309,2021-08-14,Card
310,159,310,2021-12-10,Card
311,293,311,2021-12-16,Card
312,258,312,2021-07-20,Cash
313,129,313,2021-02-13,Card
314,265,314,2021-09-16,Card
315,140,315,2021-07-17,Other
316,47,316,2021-11-11,Cash
317,14,317,2021-06-17,Card
318,121,318,2021-06-11,Cash
319,15,319,2021-06-13,Cash
320,71,320,2021-01-25,Card
321,230,321,2021-07-08,Cash
322,111,322,2021-09-14,Other
323,57,323,2021-08-20,Cash
324,25,324,2021-06-19,Other
325,33,325,2021-03-12,Card
326,264,326,2021-07-07,Other
327,220,327,2021-01-25,Card
328,96,328,2021-08-14,Cash
329,35,329,2021-11-15,Other
330,200,330,2021-09-02,Cash
331,130,331,2021-08-20,Card
332,124,332,2021-08-19,Other
333,69,333,2021-02-23,Other
334,238,334,2021-12-27,Card
335,33,335,2021-08-24,Card
336,104,336,2021-02-17,Cash
337,159,337,2021-07-24,Other
338,19,338,2021-08-24,Cash
339,25,339,2021-09-12,Card
340,189,340,2021-07-18,Card
341,174,341,2021-12-18,Card
342,266,342,2021-06-13,Cash
343,221,343,2021-07-09,Cash
344,165,344,2021-03-24,Card
345,229,345,2021-07-08,Card
346,180,346,2021-07-27,Other
347,141,347,2021-08-20,Cash
348,187,348,2021-07-25,Other
349,74,349,2021-09-16,Other
350,65,350,2021-02-20,Other
351,197,351,2021-11-09,Cash
352,231,352,2021-11-03,Card
353,294,353,2021-04-08,Card
354,143,354,2021-06-28,Cash
355,256,355,2021-07-05,Other
356,134,356,2021-08-12,Cash
357,252,357,2021-05-06,Cash
358,89,358,2021-10-16,Card
359,178,359,2021-08-03,Other
360,154,360,2021-09-13,Other
361,261,361,2021-06-17,Cash
362,253,362,2021-01-10,Other
363,240,363,2021-08-02,Other
364,34,364,2021-06-06,Other
365,210,365,2021-08-03,Cash
366,38,366,2021-07-03,Other
367,66,367,2021-10-12,Other
368,67,368,2021-07-12,Cash
369,156,369,2021-04-16,Card
370,266,370,2021-10-04,Cash
371,283,371,2021-06-05,Other
372,258,372,2021-08-19,Other
373,88,373,2021-08-11,Other
374,289,374,2021-01-14,Cash
375,296,375,2021-06-16,Cash
376,16,376,2021-07-26,Other
377,155,377,2021-07-22,Other
378,233,378,2021-02-20,Cash
379,213,379,2021-07-18,Cash
380,161,380,2021-09-11,Card
381,67,381,2021-08-21,Other
382,164,382,2021-06-13,Cash
383,127,383,2021-04-10,Cash
384,215,384,2021-06-16,Cash
385,98,385,2021-08-18,Card
386,256,386,2021-10-24,Card
387,202,387,2021-07-23,Cash
388,25,388,2021-02-12,Card
389,147,389,2021-07-01,Cash
390,136,390,2021-08-14,Card
391,206,391,2021-02-24,Other
392,284,392,2021-06-22,Card
393,282,393,2021-06-03,Other
394,66,394,2021-12-09,Card
395,286,395,2021-11-21,Cash
396,257,396,2021-01-03,Cash
397,243,397,2021-07-28,Cash
398,168,398,2021-11-11,Card
399,154,399,2021-07-18,Other
400,289,400,2021-06-22,Cash
401,57,401,2021-12-05,Other
402,243,402,2021-06-03,Other
403,27,403,2021-07-07,Cash
404,76,404,2021-08-24,Cash
405,98,405,2021-01-19,Card
406,212,406,2021-08-06,Card
407,32,407,2021-08-05,Other
408,245,408,2021-07-14,Card
409,273,409,2021-06-13,Card
410,99,410,2021-11-22,Card
411,116,411,2021-11-24,Card
412,251,412,2021-06-22,Card
413,148,413,2021-03-02,Other
414,203,414,2021-08-23,Cash
415,148,415,2021-11-07,Cash
416,132,416,2021-08-10,Cash
417,288,417,2021-08-14,Cash
418,125,418,2021-02-04,Other
419,27,419,2021-03-08,Card
420,71,420,2021-01-11,Other
421,244,421,2021-07-16,Cash
422,147,422,2021-08-10,Cash
423,274,423,2021-08-22,Cash
424,91,424,2021-11-27,Cash
425,96,425,2021-11-21,Card
426,153,426,2021-07-20,Cash
427,233,427,2021-12-28,Other
428,69,428,2021-09-17,Card
429,58,429,2021-06-04,Other
430,96,430,2021-01-06,Card
431,90,431,2021-07-13,Other
432,264,432,2021-06-18,Card
433,72,433,2021-07-01,Cash
434,197,434,2021-06-12,Card
435,299,435,2021-08-16,Cash
436,121,436,2021-02-12,Cash
437,82,437,2021-06-14,Other
438,152,438,2021-06-25,Cash
439,245,439,2021-04-04,Other
440,213,440,2021-08-15,Card
441,127,441,2021-08-09,Other
442,271,442,2021-08-06,Cash
443,32,443,2021-08-03,Other
444,85,444,2021-06-16,Other
445,106,445,2021-08-09,Card
446,29,446,2021-07-26,Other
447,289,447,2021-02-24,Card
448,203,448,2021-06-18,Cash
449,24,449,2021-07-21,Other
450,36,450,2021-12-04,Card
451,210,451,2021-05-23,Cash
452,196,452,2021-07-07,Card
453,277,453,2021-04-02,Card
454,276,454,2021-06-13,Cash
455,12,455,2021-12-04,Card
456,273,456,2021-06-13,Cash
457,178,457,2021-04-20,Cash
458,215,458,2021-07-08,Cash
459,35,459,2021-03-10,Cash
460,126,460,2021-08-27,Card
461,277,461,2021-06-27,Cash
462,120,462,2021-08-09,Other
463,296,463,2021-07-19,Other
464,155,464,2021-10-03,Other
465,212,465,2021-06-27,Cash
466,219,466,2021-07-03,Cash
467,269,467,2021-06-17,Card
468,154,468,2021-06-18,Other
469,116,469,2021-06-10,Other
470,30,470,2021-07-20,Card
471,199,471,2021-06-27,Cash
472,231,472,2021-09-03,Cash
473,27,473,2021-06-03,Other
474,38,474,2021-05-26,Other
475,246,475,2021-06-16,Card
476,109,476,2021-11-24,Other
477,125,477,2021-08-26,Other
478,123,478,2021-07-12,Card
479,274,479,2021-08-24,Card
480,263,480,2021-10-13,Card
481,164,481,2021-10-04,Card
482,24,482,2021-07-07,Cash
483,134,483,2021-07-07,Other
484,152,484,2021-04-03,Card
485,292,485,2021-09-21,Card
486,132,486,2021-08-26,Card
487,87,487,2021-08-21,Card
488,280,488,2021-07-04,Other
489,39,489,2021-11-20,Other
490,212,490,2021-04-13,Other
491,78,491,2021-01-16,Other
492,31,492,2021-07-16,Other
493,250,493,2021-01-10,Other
494,7,494,2021-01-16,Other
495,9,495,2021-07-18,Other
496,55,496,2021-11-11,Other
497,99,497,2021-07-15,Card
498,204,498,2021-02-27,Card
499,116,499,2021-06-23,Cash
500,208,500,2021-06-22,Other
501,5,501,2022-08-05,Cash
502,170,502,2022-07-07,Cash
503,118,503,2022-06-16,Other
504,139,504,2022-02-28,Cash
505,92,505,2022-11-03,Card
506,74,506,2022-08-04,Other
507,154,507,2022-04-10,Cash
508,277,508,2022-06-24,Other
509,257,509,2022-08-10,Card
510,224,510,2022-06-27,Cash
511,168,511,2022-01-08,Card
512,117,512,2022-06-13,Card
513,300,513,2022-08-18,Cash
514,127,514,2022-08-13,Cash
515,195,515,2022-08-21,Other
516,163,516,2022-06-19,Cash
517,228,517,2022-06-03,Card
518,45,518,2022-05-02,Card
519,53,519,2022-01-07,Card
520,167,520,2022-09-02,Cash
521,199,521,2022-08-27,Other
522,293,522,2022-07-25,Other
523,72,523,2022-06-15,Card
524,33,524,2022-05-08,Card
525,248,525,2022-08-12,Card
526,254,526,2022-07-16,Cash
527,70,527,2022-06-10,Card
528,169,528,2022-07-01,Card
529,154,529,2022-06-27,Other
530,161,530,2022-05-03,Card
531,252,531,2022-12-11,Cash
532,144,532,2022-08-19,Card
533,289,533,2022-05-12,Other
534,237,534,2022-11-04,Cash
535,36,535,2022-08-11,Card
536,156,536,2022-06-07,Other
537,194,537,2022-02-06,Other
538,274,538,2022-07-03,Other
539,185,539,2022-08-01,Other
540,56,540,2022-08-20,Other
541,23,541,2022-07-22,Other
542,221,542,2022-03-13,Cash
543,262,543,2022-08-18,Other
544,229,544,2022-06-06,Card
545,177,545,2022-12-23,Card
546,213,546,2022-11-20,Cash
547,179,547,2022-06-21,Card
548,179,548,2022-07-22,Card
549,35,549,2022-06-24,Other
550,176,550,2022-08-15,Other
551,265,551,2022-05-28,Cash
552,237,552,2022-06-18,Card
553,222,553,2022-06-08,Other
554,231,554,2022-07-03,Card
555,106,555,2022-06-10,Other
556,275,556,2022-05-04,Card
557,59,557,2022-06-13,Card
558,199,558,2022-07-19,Other
559,181,559,2022-09-15,Other
560,44,560,2022-08-24,Card
561,157,561,2022-03-18,Card
562,215,562,2022-07-25,Other
563,96,563,2022-07-14,Other
564,251,564,2022-06-16,Cash
565,28,565,2022-09-10,Cash
566,100,566,2022-08-12,Other
567,210,567,2022-08-05,Card
568,86,568,2022-02-20,Cash
569,17,569,2022-06-14,Other
570,235,570,2022-07-12,Card
571,294,571,2022-03-15,Other
572,226,572,2022-07-11,Card
573,153,573,2022-09-14,Cash
574,179,574,2022-09-04,Cash
575,122,575,2022-06-12,Other
576,220,576,2022-04-04,Cash
577,31,577,2022-07-05,Other
578,166,578,2022-12-17,Card
579,264,579,2022-12-12,Other
580,211,580,2022-11-09,Card
581,128,581,2022-04-20,Card
582,251,582,2022-04-22,Other
583,193,583,2022-07-09,Other
584,264,584,2022-08-22,Other
585,250,585,2022-06-04,Cash
586,184,586,2022-09-14,Other
587,220,587,2022-08-15,Card
588,146,588,2022-06-14,Other
589,176,589,2022-10-21,Cash
590,236,590,2022-01-28,Cash
591,1,591,2022-12-04,Card
592,155,592,2022-04-11,Card
593,129,593,2022-02-28,Other
594,203,594,2022-08-12,Other
595,47,595,2022-08-05,Cash
596,40,596,2022-04-14,Cash
597,5,597,2022-01-01,Card
598,68,598,2022-07-04,Cash
599,53,599,2022-03-12,Card
600,196,600,2022-08-12,Cash
601,272,601,2022-07-18,Other
602,180,602,2022-08-16,Other
603,227,603,2022-09-22,Cash
604,64,604,2022-07-06,Card
605,162,605,2022-08-12,Cash
606,128,606,2022-07-06,Other
607,14,607,2022-09-08,Other
608,266,608,2022-07-09,Cash
609,28,609,2022-08-08,Cash
610,58,610,2022-06-02,Other
611,271,611,2022-10-18,Cash
612,68,612,2022-06-06,Other
613,280,613,2022-08-28,Card
614,35,614,2022-01-06,Cash
615,204,615,2022-07-07,Other
616,217,616,2022-08-22,Cash
617,143,617,2022-03-03,Cash
618,80,618,2022-07-21,Card
619,159,619,2022-08-27,Other
620,126,620,2022-03-27,Card
621,29,621,2022-06-12,Other
622,7,622,2022-08-20,Other
623,255,623,2022-11-08,Other
624,86,624,2022-06-06,Other
625,16,625,2022-06-02,Card
626,135,626,2022-08-06,Other
627,234,627,2022-07-20,Cash
628,189,628,2022-04-07,Cash
629,117,629,2022-08-10,Cash
630,126,630,2022-02-07,Card
631,92,631,2022-11-10,Cash
632,115,632,2022-06-14,Card
633,40,633,2022-07-13,Cash
634,92,634,2022-06-24,Other
635,36,635,2022-10-18,Card
636,45,636,2022-07-11,Cash
637,150,637,2022-07-08,Card
638,238,638,2022-06-27,Card
639,78,639,2022-01-09,Card
640,278,640,2022-06-14,Other
641,1,641,2022-08-12,Card
642,106,642,2022-07-10,Cash
643,31,643,2022-12-08,Cash
644,23,644,2022-11-26,Other
645,235,645,2022-12-08,Cash
646,259,646,2022-04-26,Card
647,223,647,2022-08-12,Cash
648,134,648,2022-09-11,Card
649,232,649,2022-06-03,Cash
650,300,650,2022-03-11,Cash
651,239,651,2022-06-13,Cash
652,107,652,2022-07-23,Card
653,47,653,2022-04-06,Other
654,111,654,2022-09-11,Card
655,128,655,2022-12-18,Card
656,154,656,2022-06-23,Cash
657,232,657,2022-07-14,Other
658,237,658,2022-03-19,Cash
659,32,659,2022-08-25,Cash
660,206,660,2022-06-20,Other
661,39,661,2022-01-12,Cash
662,66,662,2022-03-24,Card
663,237,663,2022-02-19,Other
664,255,664,2022-01-27,Other
665,182,665,2022-06-07,Cash
666,229,666,2022-10-01,Cash
667,152,667,2022-07-22,Other
668,45,668,2022-06-09,Cash
669,270,669,2022-06-07,Other
670,184,670,2022-07-04,Card
671,199,671,2022-06-12,Cash
672,16,672,2022-10-28,Card
673,272,673,2022-06-08,Other
674,52,674,2022-06-16,Cash
675,113,675,2022-07-10,Card
676,91,676,2022-06-19,Card
677,181,677,2022-11-08,Other
678,253,678,2022-07-27,Cash
679,47,679,2022-02-18,Other
680,270,680,2022-07-14,Card
681,67,681,2022-06-20,Cash
682,12,682,2022-04-11,Other
683,270,683,2022-09-09,Cash
684,52,684,2022-06-14,Card
685,224,685,2022-08-20,Card
686,288,686,2022-08-19,Other
687,90,687,2022-06-08,Other
688,91,688,2022-08-18,Other
689,291,689,2022-01-12,Other
690,290,690,2022-03-21,Card
691,40,691,2022-06-23,Card
692,172,692,2022-07-24,Card
693,35,693,2022-06-27,Cash
694,198,694,2022-07-14,Card
695,253,695,2022-10-28,Card
696,52,696,2022-08-07,Other
697,232,697,2022-02-05,Cash
698,164,698,2022-06-28,Cash
699,88,699,2022-10-21,Cash
700,174,700,2022-07-03,Other
701,221,701,2022-11-12,Cash
702,81,702,2022-02-26,Card
703,210,703,2022-08-15,Other
704,145,704,2022-06-11,Cash
705,293,705,2022-07-13,Card
706,185,706,2022-01-18,Cash
707,103,707,2022-03-19,Cash
708,42,708,2022-07-26,Cash
709,242,709,2022-07-10,Other
710,279,710,2022-06-23,Card
711,96,711,2022-07-03,Card
712,135,712,2022-06-28,Card
713,78,713,2022-08-07,Other
714,177,714,2022-08-26,Card
715,284,715,2022-02-23,Card
716,275,716,2022-08-21,Card
717,244,717,2022-06-22,Card
718,62,718,2022-11-12,Card
719,109,719,2022-08-05,Cash
720,41,720,2022-12-03,Card
721,133,721,2022-06-02,Other
722,199,722,2022-07-08,Other
723,267,723,2022-07-08,Cash
724,58,724,2022-06-02,Cash
725,55,725,2022-07-13,Cash
726,211,726,2022-06-14,Other
727,20,727,2022-05-18,Card
728,20,728,2022-06-18,Card
729,244,729,2022-11-06,Card
730,156,730,2022-06-20,Card
731,69,731,2022-06-19,Other
732,138,732,2022-08-19,Other
733,227,733,2022-06-24,Card
734,29,734,2022-07-14,Cash
735,260,735,2022-06-14,Other
736,89,736,2022-05-19,Cash
737,17,737,2022-07-01,Card
738,189,738,2022-08-07,Other
739,16,739,2022-06-06,Card
740,91,740,2022-12-07,Card
741,177,741,2022-04-01,Card
742,15,742,2022-06-13,Cash
743,114,743,2022-08-22,Other
744,210,744,2022-07-17,Other
745,68,745,2022-08-06,Other
746,130,746,2022-07-25,Card
747,193,747,2022-09-17,Card
748,239,748,2022-06-24,Other
749,300,749,2022-03-10,Other
750,153,750,2022-08-07,Card
751,142,751,2022-08-23,Card
752,97,752,2022-04-11,Cash
753,164,753,2022-08-22,Other
754,152,754,2022-06-16,Card
755,19,755,2022-07-07,Other
756,114,756,2022-08-16,Other
757,260,757,2022-06-05,Cash
758,151,758,2022-03-23,Cash
759,172,759,2022-08-18,Cash
760,158,760,2022-07-12,Card
761,300,761,2022-06-18,Cash
762,299,762,2022-07-02,Other
763,100,763,2022-07-16,Other
764,212,764,2022-02-07,Cash
765,176,765,2022-06-28,Other
766,162,766,2022-09-05,Cash
767,171,767,2022-08-26,Cash
768,3,768,2022-07-27,Cash
769,251,769,2022-08-13,Cash
770,220,770,2022-06-01,Card
771,20,771,2022-07-03,Other
772,165,772,2022-08-12,Other
773,3,773,2022-08-23,Cash
774,160,774,2022-04-05,Card
775,86,775,2022-02-10,Cash
776,234,776,2022-08-17,Other
777,223,777,2022-10-18,Cash
778,184,778,2022-08-10,Cash
779,117,779,2022-06-23,Cash
780,259,780,2022-05-16,Card
781,131,781,2022-08-11,Other
782,56,782,2022-08-04,Cash
783,214,783,2022-07-07,Cash
784,243,784,2022-08-27,Cash
785,216,785,2022-08-28,Other
786,71,786,2022-07-07,Cash
787,145,787,2022-03-10,Cash
788,103,788,2022-08-21,Other
789,210,789,2022-06-14,Cash
790,107,790,2022-08-16,Card
791,2,791,2022-01-03,Cash
792,77,792,2022-11-10,Other
793,132,793,2022-08-10,Card
794,238,794,2022-02-27,Cash
795,185,795,2022-08-16,Card
796,49,796,2022-09-10,Cash
797,88,797,2022-06-18,Card
798,48,798,2022-06-16,Card
799,206,799,2022-06-15,Card
800,245,800,2022-08-07,Other
801,68,801,2022-08-07,Cash
802,214,802,2022-10-28,Card
803,93,803,2022-07-25,Card
804,67,804,2022-07-20,Card
805,226,805,2022-02-26,Card
806,269,806,2022-08-23,Other
807,174,807,2022-07-26,Other
808,222,808,2022-08-03,Cash
809,198,809,2022-04-16,Other
810,6,810,2022-08-18,Cash
811,254,811,2022-09-22,Cash
812,124,812,2022-06-13,Card
813,282,813,2022-08-13,Card
814,236,814,2022-07-02,Other
815,256,815,2022-07-04,Cash
816,53,816,2022-06-08,Cash
817,47,817,2022-08-02,Other
818,234,818,2022-11-06,Card
819,233,819,2022-06-22,Other
820,187,820,2022-08-08,Cash
821,2,821,2022-06-10,Other
822,55,822,2022-02-17,Cash
823,210,823,2022-03-11,Other
824,62,824,2022-11-05,Card
825,98,825,2022-08-01,Cash
826,64,826,2022-08-09,Card
827,256,827,2022-01-23,Other
828,300,828,2022-07-19,Other
829,66,829,2022-03-10,Other
830,259,830,2022-10-09,Card
831,141,831,2022-06-27,Card
832,69,832,2022-04-01,Other
833,281,833,2022-09-28,Other
834,103,834,2022-06-21,Other
835,68,835,2022-12-14,Other
836,60,836,2022-08-28,Other
837,274,837,2022-06-21,Card
838,13,838,2022-06-12,Cash
839,137,839,2022-08-08,Cash
840,75,840,2022-09-03,Other
841,278,841,2022-01-07,Card
842,288,842,2022-06-25,Other
843,196,843,2022-06-17,Other
844,7,844,2022-08-09,Cash
845,116,845,2022-10-20,Other
846,100,846,2022-06-13,Cash
847,89,847,2022-08-19,Cash
848,220,848,2022-06-10,Card
849,300,849,2022-09-04,Cash
850,80,850,2022-01-15,Card
851,155,851,2022-07-04,Other
852,38,852,2022-08-13,Card
853,95,853,2022-07-20,Other
854,279,854,2022-07-16,Cash
855,110,855,2022-08-26,Card
856,112,856,2022-11-14,Other
857,288,857,2022-08-13,Other
858,178,858,2022-07-04,Other
859,21,859,2022-08-12,Card
860,198,860,2022-06-10,Other
861,265,861,2022-08-23,Card
862,250,862,2022-02-15,Other
863,264,863,2022-02-19,Cash
864,34,864,2022-06-25,Other
865,54,865,2022-05-12,Other
866,79,866,2022-01-06,Other
867,45,867,2022-02-23,Cash
868,295,868,2022-08-14,Card
869,231,869,2022-08-15,Card
870,200,870,2022-08-27,Other
871,300,871,2022-02-14,Cash
872,149,872,2022-08-21,Card
873,145,873,2022-08-14,Card
874,16,874,2022-07-27,Other
875,201,875,2022-08-04,Other
876,153,876,2022-08-09,Other
877,284,877,2022-09-16,Cash
878,3,878,2022-07-05,Card
879,157,879,2022-06-13,Other
880,212,880,2022-10-03,Other
881,95,881,2022-06-28,Card
882,93,882,2022-08-11,Other
883,282,883,2022-02-14,Other
884,51,884,2022-05-26,Other
885,183,885,2022-04-04,Other
886,146,886,2022-07-19,Cash
887,231,887,2022-06-07,Other
888,290,888,2022-07-02,Card
889,3,889,2022-06-25,Cash
890,185,890,2022-04-17,Other
891,237,891,2022-07-20,Card
892,90,892,2022-08-03,Cash
893,276,893,2022-05-04,Other
894,10,894,2022-09-17,Other
895,109,895,2022-10-25,Other
896,77,896,2022-06-15,Cash
897,69,897,2022-07-18,Other
898,187,898,2022-07-12,Other
899,264,899,2022-04-26,Cash
900,248,900,2022-11-11,Cash
901,119,901,2022-02-28,Card
902,106,902,2022-07-27,Card
903,233,903,2022-10-06,Cash
904,267,904,2022-08-09,Card
905,193,905,2022-08-22,Card
906,265,906,2022-06-25,Cash
907,181,907,2022-08-04,Card
908,4,908,2022-07-11,Cash
909,118,909,2022-02-14,Other
910,77,910,2022-05-28,Card
911,118,911,2022-06-13,Card
912,246,912,2022-07-23,Other
913,12,913,2022-06-10,Cash
914,69,914,2022-08-20,Cash
915,29,915,2022-04-28,Cash
916,289,916,2022-08-02,Other
917,111,917,2022-07-18,Card
918,113,918,2022-08-02,Other
919,262,919,2022-06-25,Other
920,36,920,2022-06-08,Card
921,9,921,2022-05-25,Other
922,50,922,2022-05-24,Other
923,273,923,2022-07-11,Cash
924,67,924,2022-10-19,Other
925,268,925,2022-07-12,Cash
926,118,926,2022-11-07,Card
927,295,927,2022-03-17,Cash
928,120,928,2022-10-06,Cash
929,132,929,2022-05-17,Other
930,267,930,2022-01-21,Other
931,210,931,2022-06-18,Cash
932,134,932,2022-09-13,Card
933,142,933,2022-12-24,Card
934,283,934,2022-08-11,Card
935,287,935,2022-07-13,Card
936,204,936,2022-08-06,Other
937,229,937,2022-08-17,Cash
938,261,938,2022-06-24,Card
939,83,939,2022-06-15,Other
940,75,940,2022-07-06,Other
941,33,941,2022-06-28,Card
942,197,942,2022-11-22,Card
943,30,943,2022-11-03,Cash
944,6,944,2022-05-24,Other
945,100,945,2022-01-10,Other
946,87,946,2022-08-15,Card
947,81,947,2022-03-08,Card
948,203,948,2022-06-06,Cash
949,36,949,2022-11-20,Other
950,178,950,2022-12-16,Card
951,233,951,2022-11-28,Other
952,90,952,2022-06-17,Cash
953,258,953,2022-06-27,Cash
954,276,954,2022-08-15,Other
955,194,955,2022-07-11,Cash
956,236,956,2022-10-17,Cash
957,133,957,2022-02-24,Other
958,162,958,2022-06-09,Card
959,135,959,2022-06-03,Cash
960,39,960,2022-07-25,Cash
961,182,961,2022-06-04,Other
962,98,962,2022-07-02,Cash
963,136,963,2022-05-18,Cash
964,80,964,2022-08-10,Cash
965,4,965,2022-08-06,Other
966,191,966,2022-07-12,Card
967,252,967,2022-05-17,Other
968,114,968,2022-08-11,Cash
969,245,969,2022-11-12,Cash
970,202,970,2022-09-25,Cash
971,266,971,2022-07-15,Other
972,108,972,2022-06-24,Cash
973,133,973,2022-05-12,Card
974,242,974,2022-12-01,Card
975,256,975,2022-07-02,Card
976,206,976,2022-06-23,Cash
977,295,977,2022-08-11,Cash
978,285,978,2022-07-05,Card
979,77,979,2022-07-13,Cash
980,256,980,2022-04-22,Other
981,250,981,2022-06-25,Other
982,204,982,2022-03-05,Cash
983,131,983,2022-07-08,Other
984,172,984,2022-06-20,Card
985,177,985,2022-01-19,Cash
986,296,986,2022-07-26,Other
987,146,987,2022-06-23,Other
988,229,988,2022-10-03,Card
989,238,989,2022-08-25,Cash
990,216,990,2022-08-12,Other
991,41,991,2022-04-26,Cash
992,150,992,2022-08-25,Other
993,228,993,2022-08-20,Card
994,212,994,2022-05-16,Cash
995,129,995,2022-11-01,Other
996,86,996,2022-06-15,Cash
997,281,997,2022-02-15,Card
998,54,998,2022-06-15,Cash
999,159,999,2022-06-26,Other
1000,65,1000,2022-04-01,Cash
1001,183,1001,2022-09-23,Card
1002,277,1002,2022-11-07,Other
1003,277,1003,2022-05-04,Other
1004,269,1004,2022-08-28,Other
1005,247,1005,2022-07-02,Cash
1006,188,1006,2022-06-12,Cash
1007,1,1007,2022-07-22,Cash
1008,241,1008,2022-07-21,Other
1009,154,1009,2022-01-11,Card
1010,4,1010,2022-07-08,Cash
1011,203,1011,2022-06-01,Other
1012,113,1012,2022-06-07,Card
1013,146,1013,2022-08-08,Other
1014,97,1014,2022-09-01,Cash
1015,57,1015,2022-08-16,Other
1016,252,1016,2022-05-28,Cash
1017,274,1017,2022-01-01,Cash
1018,65,1018,2022-08-24,Other
1019,47,1019,2022-04-23,Card
1020,216,1020,2022-06-04,Card
1021,17,1021,2022-06-18,Cash
1022,201,1022,2022-02-19,Card
1023,129,1023,2022-08-22,Cash
1024,198,1024,2022-08-01,Card
1025,102,1025,2022-07-21,Cash
1026,243,1026,2022-06-03,Card
1027,22,1027,2022-08-27,Other
1028,130,1028,2022-07-03,Card
1029,27,1029,2022-09-01,Cash
1030,223,1030,2022-06-06,Cash
1031,203,1031,2022-08-28,Cash
1032,80,1032,2022-06-17,Cash
1033,256,1033,2022-03-22,Other
1034,31,1034,2022-06-14,Cash
1035,65,1035,2022-07-11,Card
1036,225,1036,2022-08-28,Cash
1037,69,1037,2022-06-04,Cash
1038,287,1038,2022-06-13,Other
1039,291,1039,2022-05-23,Card
1040,141,1040,2022-09-07,Other
1041,36,1041,2022-07-15,Card
1042,278,1042,2022-06-03,Cash
1043,95,1043,2022-10-04,Other
1044,165,1044,2022-08-02,Other
1045,98,1045,2022-07-02,Card
1046,145,1046,2022-06-24,Other
1047,50,1047,2022-07-01,Cash
1048,92,1048,2022-09-01,Cash
1049,99,1049,2022-03-08,Other
1050,270,1050,2022-07-19,Other
1051,188,1051,2022-06-09,Other
1052,107,1052,2022-08-08,Cash
1053,185,1053,2022-07-16,Card
1054,137,1054,2022-07-24,Other
1055,40,1055,2022-11-24,Other
1056,119,1056,2022-07-01,Cash
1057,292,1057,2022-08-23,Cash
1058,55,1058,2022-08-11,Other
1059,219,1059,2022-10-25,Cash
1060,259,1060,2022-06-05,Cash
1061,181,1061,2022-10-16,Other
1062,212,1062,2022-08-02,Card
1063,289,1063,2022-07-20,Card
1064,185,1064,2022-12-02,Card
1065,18,1065,2022-12-25,Other
1066,155,1066,2022-01-11,Cash
1067,12,1067,2022-08-20,Other
1068,49,1068,2022-01-04,Card
1069,136,1069,2022-06-16,Other
1070,132,1070,2022-08-28,Cash
1071,292,1071,2022-11-20,Other
1072,248,1072,2022-05-18,Other
1073,154,1073,2022-01-10,Other
1074,29,1074,2022-11-03,Card
1075,214,1075,2022-11-01,Cash
1076,196,1076,2022-02-24,Other
1077,277,1077,2022-07-13,Card
1078,79,1078,2022-02-24,Other
1079,295,1079,2022-07-20,Cash
1080,202,1080,2022-04-04,Card
1081,293,1081,2022-08-15,Other
1082,44,1082,2022-06-14,Card
1083,247,1083,2022-07-21,Card
1084,288,1084,2022-07-22,Other
1085,125,1085,2022-02-07,Card
1086,58,1086,2022-08-02,Card
1087,98,1087,2022-06-10,Other
1088,87,1088,2022-12-15,Other
1089,226,1089,2022-02-02,Cash
1090,80,1090,2022-08-22,Cash
1091,125,1091,2022-11-14,Cash
1092,176,1092,2022-08-15,Cash
1093,242,1093,2022-01-18,Cash
1094,105,1094,2022-07-08,Card
1095,73,1095,2022-08-11,Other
1096,299,1096,2022-10-06,Other
1097,88,1097,2022-02-27,Cash
1098,28,1098,2022-07-12,Cash
1099,139,1099,2022-08-25,Other
1100,10,1100,2022-06-26,Other
1101,195,1101,2023-07-23,Other
1102,249,1102,2023-09-27,Other
1103,102,1103,2023-07-18,Card
1104,21,1104,2023-06-20,Other
1105,251,1105,2023-06-18,Cash
1106,181,1106,2023-06-24,Card
1107,32,1107,2023-08-19,Card
1108,116,1108,2023-04-26,Card
1109,196,1109,2023-07-09,Other
1110,214,1110,2023-06-16,Cash
1111,169,1111,2023-07-27,Cash
1112,298,1112,2023-07-18,Cash
1113,269,1113,2023-10-19,Card
1114,163,1114,2023-02-07,Other
1115,163,1115,2023-09-04,Cash
1116,212,1116,2023-12-16,Card
1117,78,1117,2023-08-06,Cash
1118,14,1118,2023-08-11,Other
1119,291,1119,2023-07-13,Other
1120,14,1120,2023-06-07,Other
1121,258,1121,2023-09-24,Card
1122,199,1122,2023-07-14,Cash
1123,116,1123,2023-01-14,Cash
1124,114,1124,2023-08-06,Cash
1125,91,1125,2023-11-26,Card
1126,167,1126,2023-09-26,Cash
1127,22,1127,2023-07-26,Card
1128,293,1128,2023-07-19,Other
1129,232,1129,2023-07-07,Cash
1130,21,1130,2023-07-28,Other
1131,150,1131,2023-07-01,Card
1132,86,1132,2023-07-12,Other
1133,238,1133,2023-08-15,Card
1134,93,1134,2023-08-12,Other
1135,202,1135,2023-06-21,Card
1136,233,1136,2023-07-09,Other
1137,47,1137,2023-06-13,Other
1138,47,1138,2023-03-24,Card
1139,269,1139,2023-08-19,Other
1140,194,1140,2023-07-03,Cash
1141,290,1141,2023-09-18,Cash
1142,92,1142,2023-08-07,Cash
1143,159,1143,2023-08-21,Card
1144,61,1144,2023-10-23,Cash
1145,7,1145,2023-07-08,Card
1146,253,1146,2023-06-08,Other
1147,210,1147,2023-07-03,Other
1148,126,1148,2023-10-11,Card
1149,26,1149,2023-05-10,Cash
1150,75,1150,2023-09-24,Other
1151,170,1151,2023-11-25,Cash
1152,92,1152,2023-04-26,Card
1153,234,1153,2023-08-20,Card
1154,154,1154,2023-06-23,Card
1155,282,1155,2023-02-16,Card
1156,141,1156,2023-06-18,Card
1157,108,1157,2023-07-23,Cash
1158,248,1158,2023-08-01,Other
1159,163,1159,2023-06-05,Other
1160,67,1160,2023-07-11,Card
1161,253,1161,2023-08-25,Other
1162,100,1162,2023-01-04,Cash
1163,107,1163,2023-08-11,Card
1164,171,1164,2023-06-16,Other
1165,104,1165,2023-08-06,Card
1166,154,1166,2023-07-05,Card
1167,171,1167,2023-06-10,Other
1168,90,1168,2023-05-19,Card
1169,19,1169,2023-08-10,Card
1170,275,1170,2023-10-05,Card
1171,267,1171,2023-06-25,Other
1172,107,1172,2023-07-20,Card
1173,77,1173,2023-06-14,Cash
1174,274,1174,2023-09-17,Other
1175,96,1175,2023-07-15,Card
1176,140,1176,2023-06-12,Card
1177,232,1177,2023-08-20,Card
1178,90,1178,2023-03-15,Cash
1179,228,1179,2023-07-28,Card
1180,98,1180,2023-06-24,Card
1181,168,1181,2023-04-23,Cash
1182,106,1182,2023-08-24,Card
1183,3,1183,2023-06-21,Cash
1184,171,1184,2023-07-13,Cash
1185,12,1185,2023-07-16,Card
1186,103,1186,2023-05-26,Card
1187,226,1187,2023-08-15,Card
1188,141,1188,2023-03-24,Other
1189,106,1189,2023-07-03,Other
1190,73,1190,2023-11-06,Card
1191,88,1191,2023-02-20,Other
1192,26,1192,2023-04-04,Card
1193,197,1193,2023-02-14,Card
1194,229,1194,2023-07-02,Card
1195,274,1195,2023-02-13,Card
1196,48,1196,2023-08-27,Other
1197,234,1197,2023-06-11,Other
1198,119,1198,2023-11-21,Cash
1199,187,1199,2023-06-11,Other
1200,233,1200,2023-07-10,Cash
1201,180,1201,2023-07-11,Cash
1202,295,1202,2023-04-25,Cash
1203,167,1203,2023-07-26,Cash
1204,206,1204,2023-07-06,Cash
1205,281,1205,2023-04-14,Card
1206,175,1206,2023-05-27,Other
1207,223,1207,2023-07-09,Card
1208,89,1208,2023-08-01,Cash
1209,59,1209,2023-07-16,Card
1210,228,1210,2023-05-26,Card
1211,195,1211,2023-06-03,Other
1212,112,1212,2023-08-05,Other
1213,77,1213,2023-07-23,Card
1214,101,1214,2023-05-06,Card
1215,223,1215,2023-08-10,Card
1216,262,1216,2023-06-24,Cash
1217,190,1217,2023-10-02,Cash
1218,57,1218,2023-09-25,Cash
1219,202,1219,2023-08-05,Other
1220,196,1220,2023-07-25,Cash
1221,72,1221,2023-05-02,Card
1222,79,1222,2023-06-25,Other
1223,6,1223,2023-02-09,Cash
1224,224,1224,2023-12-12,Cash
1225,213,1225,2023-09-17,Other
1226,93,1226,2023-07-18,Card
1227,197,1227,2023-06-12,Cash
1228,296,1228,2023-07-17,Other
1229,211,1229,2023-11-04,Other
1230,20,1230,2023-07-19,Other
1231,298,1231,2023-07-06,Other
1232,270,1232,2023-12-19,Card
1233,268,1233,2023-10-23,Cash
1234,40,1234,2023-08-14,Other
1235,28,1235,2023-10-25,Other
1236,233,1236,2023-07-20,Card
1237,216,1237,2023-06-28,Card
1238,19,1238,2023-08-18,Other
1239,32,1239,2023-08-04,Other
1240,150,1240,2023-08-10,Other
1241,249,1241,2023-02-06,Other
1242,130,1242,2023-04-25,Card
1243,8,1243,2023-08-09,Other
1244,229,1244,2023-06-16,Cash
1245,249,1245,2023-05-07,Other
1246,44,1246,2023-12-05,Other
1247,212,1247,2023-08-14,Cash
1248,108,1248,2023-07-24,Card
1249,60,1249,2023-02-15,Card
1250,155,1250,2023-07-07,Other
1251,200,1251,2023-07-22,Cash
1252,7,1252,2023-06-05,Card
1253,272,1253,2023-08-22,Cash
1254,222,1254,2023-07-17,Other
1255,139,1255,2023-06-20,Cash
1256,237,1256,2023-08-25,Other
1257,267,1257,2023-06-05,Other
1258,281,1258,2023-01-18,Cash
1259,211,1259,2023-03-24,Cash
1260,113,1260,2023-08-19,Card
1261,13,1261,2023-07-27,Cash
1262,63,1262,2023-08-14,Cash
1263,193,1263,2023-08-22,Other
1264,57,1264,2023-08-26,Card
1265,39,1265,2023-08-10,Card
1266,132,1266,2023-04-18,Cash
1267,196,1267,2023-06-28,Cash
1268,92,1268,2023-07-27,Card
1269,92,1269,2023-08-03,Cash
1270,112,1270,2023-07-21,Cash
1271,53,1271,2023-01-21,Cash
1272,229,1272,2023-01-18,Card
1273,20,1273,2023-08-24,Card
1274,201,1274,2023-07-01,Other
1275,224,1275,2023-06-20,Other
1276,2,1276,2023-06-04,Other
1277,291,1277,2023-07-22,Card
1278,206,1278,2023-02-09,Other
1279,274,1279,2023-09-28,Card
1280,149,1280,2023-08-28,Cash
1281,197,1281,2023-08-07,Card
1282,184,1282,2023-07-05,Other
1283,72,1283,2023-01-27,Cash
1284,251,1284,2023-06-13,Other
1285,274,1285,2023-12-12,Card
1286,174,1286,2023-02-15,Other
1287,61,1287,2023-06-03,Other
1288,275,1288,2023-04-03,Other
1289,19,1289,2023-08-07,Card
1290,24,1290,2023-06-15,Other
1291,89,1291,2023-08-04,Card
1292,88,1292,2023-09-26,Cash
1293,255,1293,2023-07-03,Other
1294,104,1294,2023-07-01,Other
1295,62,1295,2023-12-28,Other
1296,165,1296,2023-09-23,Cash
1297,172,1297,2023-02-20,Card
1298,87,1298,2023-08-07,Other
1299,125,1299,2023-11-18,Cash
1300,193,1300,2023-08-04,Cash
1301,4,1301,2023-01-25,Cash
1302,214,1302,2023-08-06,Card
1303,74,1303,2023-08-02,Other
1304,123,1304,2023-11-12,Other
1305,256,1305,2023-07-19,Cash
1306,215,1306,2023-01-02,Cash
1307,272,1307,2023-12-09,Other
1308,238,1308,2023-08-03,Other
1309,28,1309,2023-05-24,Cash
1310,91,1310,2023-04-12,Cash
1311,146,1311,2023-06-14,Card
1312,23,1312,2023-03-22,Cash
1313,81,1313,2023-08-22,Card
1314,37,1314,2023-10-08,Other
1315,215,1315,2023-05-10,Other
1316,57,1316,2023-06-02,Cash
1317,103,1317,2023-06-19,Cash
1318,300,1318,2023-07-13,Card
1319,233,1319,2023-05-03,Card
1320,100,1320,2023-08-02,Card
1321,66,1321,2023-01-12,Other
1322,70,1322,2023-03-10,Card
1323,88,1323,2023-08-08,Cash
1324,88,1324,2023-07-02,Other
1325,211,1325,2023-09-16,Card
1326,237,1326,2023-06-12,Other
1327,127,1327,2023-06-02,Other
1328,294,1328,2023-10-16,Card
1329,241,1329,2023-08-22,Other
1330,272,1330,2023-06-04,Other
1331,254,1331,2023-06-01,Other
1332,112,1332,2023-04-06,Card
1333,9,1333,2023-07-19,Card
1334,293,1334,2023-08-27,Cash
1335,71,1335,2023-09-28,Card
1336,238,1336,2023-08-21,Cash
1337,171,1337,2023-07-06,Card
1338,278,1338,2023-07-26,Cash
1339,29,1339,2023-07-27,Other
1340,57,1340,2023-06-23,Card
1341,188,1341,2023-06-11,Other
1342,288,1342,2023-08-17,Cash
1343,123,1343,2023-07-12,Other
1344,116,1344,2023-06-10,Card
1345,142,1345,2023-02-12,Card
1346,249,1346,2023-07-25,Cash
1347,232,1347,2023-07-25,Other
1348,235,1348,2023-03-15,Card
1349,40,1349,2023-03-25,Card
1350,255,1350,2023-04-25,Cash
1351,151,1351,2023-06-19,Other
1352,243,1352,2023-06-15,Card
1353,97,1353,2023-02-27,Cash
1354,211,1354,2023-07-01,Other
1355,272,1355,2023-09-28,Card
1356,291,1356,2023-04-03,Card
1357,117,1357,2023-07-26,Card
1358,181,1358,2023-06-02,Cash
1359,275,1359,2023-06-09,Cash
1360,122,1360,2023-03-04,Card
1361,226,1361,2023-06-06,Cash
1362,163,1362,2023-12-18,Cash
1363,277,1363,2023-12-26,Other
1364,13,1364,2023-06-27,Card
1365,164,1365,2023-04-08,Other
1366,152,1366,2023-07-17,Card
1367,290,1367,2023-08-26,Card
1368,246,1368,2023-10-17,Cash
1369,158,1369,2023-01-13,Other
1370,183,1370,2023-03-16,Cash
1371,299,1371,2023-07-20,Card
1372,43,1372,2023-07-19,Card
1373,100,1373,2023-07-17,Other
1374,185,1374,2023-06-12,Other
1375,198,1375,2023-06-24,Card
1376,158,1376,2023-12-18,Other
1377,228,1377,2023-08-06,Card
1378,84,1378,2023-08-08,Card
1379,45,1379,2023-04-13,Card
1380,34,1380,2023-11-24,Other
1381,4,1381,2023-06-01,Card
1382,285,1382,2023-07-20,Other
1383,96,1383,2023-08-18,Card
1384,22,1384,2023-08-26,Card
1385,253,1385,2023-07-01,Card
1386,2,1386,2023-04-12,Card
1387,148,1387,2023-07-16,Card
1388,62,1388,2023-08-20,Card
1389,298,1389,2023-07-16,Card
1390,62,1390,2023-06-20,Other
1391,133,1391,2023-04-17,Cash
1392,237,1392,2023-10-07,Cash
1393,28,1393,2023-06-10,Card
1394,149,1394,2023-06-08,Other
1395,94,1395,2023-08-09,Other
1396,162,1396,2023-08-12,Other
1397,186,1397,2023-03-17,Other
1398,7,1398,2023-04-26,Card
1399,211,1399,2023-06-01,Cash
1400,80,1400,2023-07-11,Cash
1401,214,1401,2023-07-03,Cash
1402,9,1402,2023-07-21,Card
1403,227,1403,2023-10-22,Other
1404,89,1404,2023-08-18,Cash
1405,66,1405,2023-09-07,Cash
1406,65,1406,2023-06-24,Cash
1407,40,1407,2023-01-26,Card
1408,101,1408,2023-03-02,Other
1409,241,1409,2023-03-14,Card
1410,155,1410,2023-08-11,Cash
1411,103,1411,2023-05-28,Card
1412,75,1412,2023-09-26,Card
1413,181,1413,2023-04-26,Other
1414,259,1414,2023-07-13,Cash
1415,271,1415,2023-06-06,Cash
1416,276,1416,2023-01-16,Other
1417,259,1417,2023-09-06,Card
1418,226,1418,2023-08-24,Cash
1419,195,1419,2023-07-19,Other
1420,58,1420,2023-08-09,Card
1421,57,1421,2023-07-11,Card
1422,286,1422,2023-08-25,Cash
1423,60,1423,2023-06-06,Card
1424,228,1424,2023-06-21,Card
1425,97,1425,2023-09-13,Card
1426,7,1426,2023-12-27,Card
1427,225,1427,2023-07-27,Other
1428,74,1428,2023-06-08,Other
1429,87,1429,2023-02-03,Cash
1430,207,1430,2023-03-22,Card
1431,298,1431,2023-07-02,Other
1432,244,1432,2023-08-16,Card
1433,76,1433,2023-08-08,Cash
1434,251,1434,2023-07-19,Other
1435,51,1435,2023-08-14,Cash
1436,92,1436,2023-06-04,Other
1437,156,1437,2023-07-01,Cash
1438,239,1438,2023-05-09,Other
1439,259,1439,2023-06-28,Card
1440,17,1440,2023-12-11,Cash
1441,162,1441,2023-09-24,Card
1442,17,1442,2023-05-03,Other
1443,252,1443,2023-07-02,Card
1444,57,1444,2023-07-15,Card
1445,244,1445,2023-07-09,Cash
1446,201,1446,2023-06-01,Other
1447,146,1447,2023-06-12,Cash
1448,66,1448,2023-09-10,Card
1449,175,1449,2023-06-18,Card
1450,211,1450,2023-06-22,Other
1451,121,1451,2023-08-20,Other
1452,157,1452,2023-03-07,Cash
1453,20,1453,2023-07-07,Card
1454,137,1454,2023-01-04,Card
1455,163,1455,2023-06-10,Card
1456,251,1456,2023-03-11,Other
1457,255,1457,2023-07-04,Other
1458,154,1458,2023-06-04,Card
1459,39,1459,2023-09-08,Other
1460,136,1460,2023-02-06,Other
1461,48,1461,2023-08-12,Other
1462,140,1462,2023-02-27,Other
1463,108,1463,2023-06-15,Cash
1464,222,1464,2023-08-11,Card
1465,206,1465,2023-06-04,Other
1466,10,1466,2023-08-03,Other
1467,110,1467,2023-08-15,Other
1468,273,1468,2023-08-07,Card
1469,268,1469,2023-05-19,Card
1470,78,1470,2023-08-05,Card
1471,164,1471,2023-09-12,Cash
1472,137,1472,2023-08-16,Other
1473,121,1473,2023-06-19,Cash
1474,15,1474,2023-06-25,Card
1475,287,1475,2023-12-08,Card
1476,82,1476,2023-06-05,Cash
1477,282,1477,2023-05-13,Cash
1478,29,1478,2023-09-24,Cash
1479,33,1479,2023-10-07,Card
1480,204,1480,2023-11-14,Other
1481,58,1481,2023-07-23,Other
1482,255,1482,2023-10-19,Cash
1483,161,1483,2023-06-18,Other
1484,217,1484,2023-06-19,Cash
1485,141,1485,2023-07-18,Card
1486,252,1486,2023-07-27,Other
1487,280,1487,2023-07-14,Other
1488,75,1488,2023-06-13,Other
1489,11,1489,2023-08-18,Other
1490,123,1490,2023-06-21,Card
1491,63,1491,2023-07-24,Cash
1492,5,1492,2023-10-28,Card
1493,47,1493,2023-11-14,Cash
1494,83,1494,2023-10-20,Other
1495,18,1495,2023-06-20,Cash
1496,212,1496,2023-11-02,Card
1497,83,1497,2023-08-12,Other
1498,216,1498,2023-07-23,Other
1499,15,1499,2023-08-13,Other
1500,70,1500,2023-01-19,Cash
1501,295,1501,2023-02-02,Cash
1502,211,1502,2023-08-07,Card
1503,69,1503,2023-06-18,Other
1504,145,1504,2023-05-07,Card
1505,202,1505,2023-10-10,Other
1506,12,1506,2023-11-01,Other
1507,46,1507,2023-12-08,Cash
1508,26,1508,2023-06-16,Card
1509,77,1509,2023-03-06,Card
1510,8,1510,2023-08-10,Card
1511,61,1511,2023-06-07,Cash
1512,148,1512,2023-08-12,Card
1513,106,1513,2023-07-04,Card
1514,93,1514,2023-06-06,Cash
1515,135,1515,2023-06-01,Card
1516,299,1516,2023-08-13,Card
1517,241,1517,2023-04-14,Card
1518,197,1518,2023-08-18,Other
1519,38,1519,2023-03-05,Cash
1520,121,1520,2023-07-24,Card
1521,3,1521,2023-06-17,Other
1522,203,1522,2023-08-01,Cash
1523,298,1523,2023-05-28,Cash
1524,174,1524,2023-10-28,Cash
1525,272,1525,2023-07-05,Card
1526,23,1526,2023-12-24,Card
1527,221,1527,2023-06-16,Card
1528,265,1528,2023-06-21,Cash
1529,78,1529,2023-07-22,Other
1530,97,1530,2023-04-05,Cash
1531,241,1531,2023-06-09,Other
1532,60,1532,2023-12-12,Card
1533,183,1533,2023-12-18,Other
1534,253,1534,2023-03-06,Other
1535,179,1535,2023-03-16,Card
1536,261,1536,2023-08-22,Other
1537,299,1537,2023-12-15,Cash
1538,214,1538,2023-11-16,Cash
1539,169,1539,2023-01-14,Other
1540,192,1540,2023-07-01,Cash
1541,15,1541,2023-02-10,Other
1542,138,1542,2023-07-04,Cash
1543,232,1543,2023-06-22,Other
1544,109,1544,2023-09-24,Other
1545,29,1545,2023-08-21,Other
1546,48,1546,2023-06-16,Cash
1547,46,1547,2023-01-17,Cash
1548,207,1548,2023-06-08,Other
1549,153,1549,2023-07-07,Card
1550,184,1550,2023-08-24,Card
1551,251,1551,2023-07-23,Card
1552,289,1552,2023-07-24,Cash
1553,96,1553,2023-07-26,Card
1554,263,1554,2023-06-09,Card
1555,254,1555,2023-07-21,Other
1556,149,1556,2023-07-14,Cash
1557,77,1557,2023-12-20,Other
1558,268,1558,2023-07-18,Other
1559,24,1559,2023-07-07,Other
1560,49,1560,2023-07-13,Other
1561,182,1561,2023-06-18,Cash
1562,59,1562,2023-08-01,Card
1563,202,1563,2023-02-23,Card
1564,233,1564,2023-08-18,Card
1565,175,1565,2023-12-02,Cash
1566,41,1566,2023-08-27,Other
1567,223,1567,2023-07-08,Cash
1568,7,1568,2023-05-27,Card
1569,250,1569,2023-06-26,Other
1570,155,1570,2023-03-03,Cash
1571,58,1571,2023-08-11,Other
1572,108,1572,2023-07-23,Cash
1573,276,1573,2023-05-25,Card
1574,243,1574,2023-07-20,Cash
1575,228,1575,2023-12-06,Card
1576,300,1576,2023-06-15,Card
1577,27,1577,2023-06-03,Cash
1578,254,1578,2023-08-21,Other
1579,19,1579,2023-07-18,Card
1580,119,1580,2023-08-24,Other
1581,296,1581,2023-06-13,Cash
1582,243,1582,2023-03-11,Other
1583,224,1583,2023-01-16,Card
1584,177,1584,2023-07-23,Other
1585,240,1585,2023-04-11,Card
1586,185,1586,2023-08-18,Cash
1587,145,1587,2023-08-26,Cash
1588,89,1588,2023-05-01,Other
1589,213,1589,2023-11-26,Card
1590,108,1590,2023-07-07,Cash
1591,183,1591,2023-08-15,Cash
1592,33,1592,2023-06-01,Cash
1593,62,1593,2023-07-27,Card
1594,182,1594,2023-08-01,Other
1595,264,1595,2023-07-08,Cash
1596,235,1596,2023-12-17,Cash
1597,288,1597,2023-02-26,Cash
1598,106,1598,2023-10-13,Cash
1599,260,1599,2023-07-26,Cash
1600,172,1600,2023-08-15,Cash
1601,213,1601,2023-08-23,Cash
1602,175,1602,2023-06-26,Cash
1603,191,1603,2023-08-05,Card
1604,78,1604,2023-08-14,Other
1605,71,1605,2023-08-16,Card
1606,265,1606,2023-08-04,Card
1607,75,1607,2023-08-22,Other
1608,44,1608,2023-06-11,Card
1609,32,1609,2023-06-26,Cash
1610,267,1610,2023-12-20,Card
1611,161,1611,2023-10-12,Cash
1612,207,1612,2023-07-18,Cash
1613,177,1613,2023-10-28,Other
1614,155,1614,2023-03-07,Other
1615,65,1615,2023-07-08,Other
1616,48,1616,2023-07-04,Card
1617,82,1617,2023-01-14,Other
1618,124,1618,2023-08-02,Card
1619,31,1619,2023-09-15,Card
1620,64,1620,2023-02-07,Other
1621,153,1621,2023-07-07,Cash
1622,121,1622,2023-08-16,Other
1623,180,1623,2023-06-24,Other
1624,194,1624,2023-07-15,Cash
1625,265,1625,2023-07-28,Card
1626,76,1626,2023-08-13,Card
1627,32,1627,2023-07-13,Cash
1628,229,1628,2023-02-07,Other
1629,287,1629,2023-07-08,Card
1630,217,1630,2023-12-23,Other
1631,84,1631,2023-04-10,Cash
1632,67,1632,2023-12-28,Other
1633,109,1633,2023-07-04,Cash
1634,61,1634,2023-07-23,Card
1635,190,1635,2023-07-20,Cash
1636,61,1636,2023-06-07,Card
1637,249,1637,2023-01-16,Cash
1638,25,1638,2023-11-03,Card
1639,94,1639,2023-08-23,Card
1640,281,1640,2023-06-15,Cash
1641,294,1641,2023-06-20,Card
1642,244,1642,2023-09-22,Other
1643,259,1643,2023-08-26,Card
1644,167,1644,2023-03-04,Other
1645,199,1645,2023-06-10,Card
1646,227,1646,2023-08-10,Other
1647,13,1647,2023-07-01,Other
1648,287,1648,2023-03-03,Other
1649,292,1649,2023-07-13,Card
1650,62,1650,2023-08-27,Other
1651,141,1651,2023-08-28,Cash
1652,44,1652,2023-08-02,Other
1653,24,1653,2023-07-09,Cash
1654,93,1654,2023-06-07,Other
1655,132,1655,2023-03-23,Cash
1656,147,1656,2023-04-15,Card
1657,158,1657,2023-11-22,Other
1658,167,1658,2023-05-02,Other
1659,200,1659,2023-03-04,Cash
1660,133,1660,2023-06-20,Cash
1661,123,1661,2023-08-23,Other
1662,261,1662,2023-08-24,Card
1663,32,1663,2023-06-14,Other
1664,248,1664,2023-01-06,Other
1665,138,1665,2023-07-03,Other
1666,285,1666,2023-08-07,Cash
1667,229,1667,2023-03-06,Other
1668,73,1668,2023-06-17,Cash
1669,285,1669,2023-07-16,Cash
1670,86,1670,2023-01-15,Card
1671,195,1671,2023-12-18,Other
1672,24,1672,2023-04-24,Other
1673,154,1673,2023-03-07,Other
1674,285,1674,2023-12-24,Card
1675,176,1675,2023-08-28,Other
1676,126,1676,2023-08-13,Card
1677,236,1677,2023-12-03,Card
1678,2,1678,2023-07-16,Cash
1679,212,1679,2023-07-26,Other
1680,276,1680,2023-02-16,Other
1681,228,1681,2023-08-26,Card
1682,199,1682,2023-05-07,Other
1683,237,1683,2023-06-23,Cash
1684,114,1684,2023-08-18,Card
1685,47,1685,2023-08-25,Other
1686,120,1686,2023-12-24,Card
1687,253,1687,2023-10-04,Other
1688,4,1688,2023-05-06,Other
1689,143,1689,2023-07-16,Card
1690,290,1690,2023-08-01,Other
1691,34,1691,2023-07-08,Other
1692,133,1692,2023-11-25,Cash
1693,99,1693,2023-09-25,Cash
1694,287,1694,2023-10-11,Cash
1695,166,1695,2023-07-13,Card
1696,266,1696,2023-07-18,Card
1697,115,1697,2023-02-06,Card
1698,162,1698,2023-01-24,Cash
1699,293,1699,2023-08-02,Other
1700,39,1700,2023-11-13,Cash
1701,160,1701,2023-02-23,Other
1702,246,1702,2023-07-02,Cash
1703,129,1703,2023-06-09,Card
1704,28,1704,2023-08-01,Other
1705,225,1705,2023-08-04,Other
1706,44,1706,2023-12-21,Cash
1707,34,1707,2023-08-07,Cash
1708,155,1708,2023-07-18,Card
1709,29,1709,2023-07-08,Card
1710,50,1710,2023-07-26,Card
1711,233,1711,2023-06-16,Card
1712,174,1712,2023-08-14,Other
1713,265,1713,2023-06-26,Cash
1714,7,1714,2023-07-09,Cash
1715,294,1715,2023-04-19,Other
1716,216,1716,2023-07-19,Other
1717,125,1717,2023-04-16,Cash
1718,160,1718,2023-07-19,Other
1719,299,1719,2023-10-02,Cash
1720,159,1720,2023-07-05,Card
1721,266,1721,2023-07-18,Other
1722,122,1722,2023-07-03,Other
1723,177,1723,2023-05-20,Cash
1724,175,1724,2023-05-26,Card
1725,297,1725,2023-07-23,Card
1726,215,1726,2023-06-13,Cash
1727,254,1727,2023-06-09,Cash
1728,239,1728,2023-07-19,Cash
1729,193,1729,2023-05-10,Cash
1730,6,1730,2023-02-28,Cash
1731,73,1731,2023-06-28,Cash
1732,23,1732,2023-12-03,Cash
1733,90,1733,2023-06-04,Card
1734,284,1734,2023-06-17,Cash
1735,135,1735,2023-10-16,Cash
1736,57,1736,2023-06-15,Cash
1737,123,1737,2023-06-24,Card
1738,34,1738,2023-03-18,Cash
1739,273,1739,2023-06-21,Card
1740,126,1740,2023-11-20,Other
1741,275,1741,2023-06-18,Cash
1742,28,1742,2023-08-06,Card
1743,108,1743,2023-08-17,Card
1744,86,1744,2023-07-20,Other
1745,256,1745,2023-07-26,Cash
1746,270,1746,2023-08-16,Other
1747,138,1747,2023-07-23,Other
1748,107,1748,2023-06-22,Cash
1749,203,1749,2023-06-15,Card
1750,192,1750,2023-06-24,Cash
1751,152,1751,2023-07-02,Card
1752,239,1752,2023-07-24,Card
1753,240,1753,2023-07-12,Card
1754,140,1754,2023-06-07,Cash
1755,136,1755,2023-08-01,Card
1756,257,1756,2023-07-13,Other
1757,117,1757,2023-03-24,Cash
1758,280,1758,2023-05-24,Cash
1759,155,1759,2023-08-10,Other
1760,71,1760,2023-12-20,Other
1761,5,1761,2023-08-07,Card
1762,208,1762,2023-08-01,Other
1763,263,1763,2023-12-14,Cash
1764,117,1764,2023-08-03,Cash
1765,265,1765,2023-07-14,Other
1766,175,1766,2023-08-26,Card
1767,214,1767,2023-06-24,Card
1768,192,1768,2023-04-06,Cash
1769,256,1769,2023-08-02,Card
1770,215,1770,2023-07-14,Card
1771,167,1771,2023-07-12,Other
1772,79,1772,2023-12-01,Card
1773,196,1773,2023-05-13,Card
1774,97,1774,2023-07-06,Card
1775,156,1775,2023-03-14,Cash
1776,17,1776,2023-08-03,Other
1777,96,1777,2023-05-12,Card
1778,120,1778,2023-06-05,Other
1779,30,1779,2023-06-13,Cash
1780,211,1780,2023-06-05,Cash
1781,245,1781,2023-08-15,Card
1782,106,1782,2023-06-16,Other
1783,295,1783,2023-11-19,Other
1784,142,1784,2023-05-12,Cash
1785,205,1785,2023-07-17,Cash
1786,292,1786,2023-10-27,Card
1787,47,1787,2023-06-14,Card
1788,201,1788,2023-07-22,Cash
1789,92,1789,2023-10-15,Other
1790,197,1790,2023-10-05,Cash
1791,202,1791,2023-08-02,Cash
1792,141,1792,2023-10-07,Other
1793,112,1793,2023-10-23,Card
1794,189,1794,2023-02-24,Cash
1795,210,1795,2023-07-15,Card
1796,237,1796,2023-01-01,Other
1797,176,1797,2023-08-06,Cash
1798,6,1798,2023-06-26,Other
1799,238,1799,2023-07-21,Cash
1800,225,1800,2023-04-01,Card
1801,10,1801,2023-07-06,Cash
1802,274,1802,2023-08-07,Cash
1803,140,1803,2023-04-09,Card
1804,18,1804,2023-10-10,Other
1805,25,1805,2023-09-19,Other
1806,158,1806,2023-07-15,Other
1807,194,1807,2023-08-12,Cash
1808,103,1808,2023-03-12,Card
1809,173,1809,2023-08-05,Other
1810,50,1810,2023-08-18,Other
1811,23,1811,2023-06-01,Cash
1812,288,1812,2023-08-05,Other
1813,220,1813,2023-03-27,Cash
1814,166,1814,2023-05-01,Card
1815,200,1815,2023-06-23,Cash
1816,189,1816,2023-02-24,Cash
1817,256,1817,2023-12-20,Cash
1818,129,1818,2023-12-17,Other
1819,69,1819,2023-06-07,Other
1820,35,1820,2023-06-20,Other
